stage,functional,deltaV,minSeparation,minRobustMargin,finalPositionError,postEncounterRmsError,Q1,Q2,Q3,Q4,Q5,Q6,R1,R2,R3,S1,S2,S3
baseline-full,1,6.5997846983015,377.299410603221,276.261533555092,58.8832308855524,92.7929337246798,5e-07,5e-07,5e-07,1e-07,1e-07,2e-07,6000,4500,3600,20000,50000,80000
group,1,3.62465535660947,372.219055933102,271.03032379825,126.872087604138,194.887265442445,5e-07,5e-07,5e-07,1e-07,1e-07,2e-07,6000,4500,3600,20000,50000,80000
group,0,4.45088629198468,429.364178222244,327.857504297418,474.305881218858,500.000068596259,2.50593616813636e-07,2.50593616813636e-07,2.50593616813636e-07,5.01187233627272e-08,5.01187233627272e-08,1.00237446725454e-07,11971.5738898133,8978.68041735996,7182.94433388797,20000,50000,80000
group,0,2.59853160175029,428.560169485914,325.644988052783,577.88608675293,558.347125127224,2.50593616813636e-07,2.50593616813636e-07,2.50593616813636e-07,5.01187233627272e-08,5.01187233627272e-08,1.00237446725454e-07,23886.4302332098,17914.8226749074,14331.8581399259,39905.2462993776,99763.115748444,159620.98519751
group,0,2.91998703424096,437.382068011879,329.642032279217,858.070500338217,755.862913676328,1.58113883008419e-07,1.58113883008419e-07,1.58113883008419e-07,3.16227766016838e-08,3.16227766016838e-08,6.32455532033676e-08,30071.2340176363,22553.4255132272,18042.7404105818,63245.5532033676,158113.883008419,252982.21281347
group,0,4.20590280449811,426.253269999967,290.505865695431,219.497778753975,291.636521835754,5e-07,5e-07,5e-07,1e-07,1e-07,2e-07,11971.5738898133,8978.68041735996,7182.94433388797,39905.2462993776,99763.115748444,159620.98519751
group,0,3.31571749035565,380.015413425844,278.062926450392,246.32145056902,294.287866907382,7.92446596230557e-07,7.92446596230557e-07,7.92446596230557e-07,1.58489319246111e-07,1.58489319246111e-07,3.16978638492223e-07,18973.6659610103,14230.2494707577,11384.1995766062,63245.5532033676,158113.883008419,252982.21281347
group,0,2.65661120991842,457.931114891283,357.93611686979,689.534659900209,648.48030104705,3.15478672240097e-07,3.15478672240097e-07,3.15478672240097e-07,6.30957344480193e-08,6.30957344480193e-08,1.26191468896039e-07,37857.4406688116,28393.0805016087,22714.464401287,31697.8638492223,79244.6596230557,126791.455396889
group,0,2.93714648648091,409.209321264954,306.719148423176,329.831786811802,370.503848504779,3.15478672240097e-07,3.15478672240097e-07,3.15478672240097e-07,6.30957344480193e-08,6.30957344480193e-08,1.26191468896039e-07,9509.35915476668,7132.01936607501,5705.61549286001,126191.468896039,315478.672240097,504765.875584155
group,0,10.4468248114579,574.158796866581,471.86468941752,779.246754973896,989.425214521468,4.91925047864058e-07,4.91925047864058e-07,4.91925047864058e-07,9.83850095728117e-08,9.83850095728117e-08,1.96770019145623e-07,3429.53895335085,2572.15421501314,2057.72337201051,169224.489054193,423061.222635482,676897.956216772
group,0,2.80937322104865,407.317510790262,298.759840198796,615.652591116484,570.418931060436,2.6206264177926e-07,2.6206264177926e-07,2.6206264177926e-07,5.2412528355852e-08,5.2412528355852e-08,1.04825056711704e-07,32762.7306630345,24572.0479972759,19657.6383978207,30347.2698289272,75868.174572318,121389.079315709
group,0,4.64425683547352,411.597176355634,289.435657069077,221.875722669912,295.928264264486,4.29927948816868e-07,4.29927948816868e-07,4.29927948816868e-07,8.59855897633736e-08,8.59855897633736e-08,1.71971179526747e-07,5670.83674535175,4253.12755901381,3402.50204721105,12240.9867999457,30602.4669998642,48963.9471997827
group,1,3.59468012233464,352.987488796414,251.69730932777,142.002767856492,170.887009055696,4.6986587202908e-07,4.6986587202908e-07,4.6986587202908e-07,9.3973174405816e-08,9.3973174405816e-08,1.87946348811632e-07,3277.34082745275,2458.00562058957,1966.40449647165,76824.6072759198,192061.518189799,307298.429103679
group,0,2.77232428420309,446.320430341908,324.143305423717,754.198726294759,695.320661059726,1.27180481313374e-07,1.27180481313374e-07,1.27180481313374e-07,2.54360962626748e-08,2.54360962626748e-08,5.08721925253496e-08,15935.425428554,11951.5690714155,9561.2552571324,45587.3026398702,113968.256599676,182349.210559481
group,1,3.66012226657325,443.619562737404,344.136747411913,138.756712994089,245.588345767421,5.96352113662056e-07,5.96352113662056e-07,5.96352113662056e-07,1.19270422732411e-07,1.19270422732411e-07,2.38540845464822e-07,5139.17454243322,3854.38090682491,3083.50472545993,98780.3263974263,246950.815993566,395121.305589705
group,0,4.09556262024974,387.317768366577,285.582635528541,170.82928214005,239.019048374066,9.89248611085516e-07,9.89248611085516e-07,9.89248611085516e-07,1.97849722217103e-07,1.97849722217103e-07,3.95699444434206e-07,22130.4526394908,16597.8394796181,13278.2715836945,113208.376969421,283020.942423553,452833.507877684
group,1,4.30654203456662,312.78313748452,213.488248188753,17.2857567675028,64.2458020219416,9.04291659745202e-07,9.04291659745202e-07,9.04291659745202e-07,1.8085833194904e-07,1.8085833194904e-07,3.61716663898081e-07,3726.15893722241,2794.61920291681,2235.69536233345,17489.1555944667,43722.8889861667,69956.6223778667
group,0,4.36313783619512,484.040768246347,372.629975566128,230.157122115911,305.145382677719,2.09107739382529e-07,2.09107739382529e-07,2.09107739382529e-07,4.18215478765057e-08,4.18215478765057e-08,8.36430957530115e-08,3768.37883507266,2826.28412630449,2261.02730104359,41882.0586337075,104705.146584269,167528.23453483
group,0,3.01215354995187,410.559799058628,308.451760322471,633.583300253342,588.941735177118,2.15694910008061e-07,2.15694910008061e-07,2.15694910008061e-07,4.31389820016122e-08,4.31389820016122e-08,8.62779640032244e-08,23468.193435248,17601.145076436,14080.9160611488,11953.4253564795,29883.5633911988,47813.7014259181
local,1,3.84283396863627,389.876677013712,283.903315111703,45.4263639574306,123.834958167253,9.37505667549614e-07,4.6986587202908e-07,4.6986587202908e-07,9.3973174405816e-08,9.3973174405816e-08,1.87946348811632e-07,3277.34082745275,2458.00562058957,1966.40449647165,76824.6072759198,192061.518189799,307298.429103679
local,0,4.73593596088385,468.473724158731,362.732707914808,238.551590342365,323.588024766807,2.35490776578121e-07,4.6986587202908e-07,4.6986587202908e-07,9.3973174405816e-08,9.3973174405816e-08,1.87946348811632e-07,3277.34082745275,2458.00562058957,1966.40449647165,76824.6072759198,192061.518189799,307298.429103679
local,1,4.47536432577749,370.689653264728,267.729097019613,49.3503431075958,138.857467993783,4.6986587202908e-07,9.37505667549614e-07,4.6986587202908e-07,9.3973174405816e-08,9.3973174405816e-08,1.87946348811632e-07,3277.34082745275,2458.00562058957,1966.40449647165,76824.6072759198,192061.518189799,307298.429103679
local,0,5.25428090732975,459.704004895065,349.85900246047,172.134721717439,273.318227130539,4.6986587202908e-07,2.35490776578121e-07,4.6986587202908e-07,9.3973174405816e-08,9.3973174405816e-08,1.87946348811632e-07,3277.34082745275,2458.00562058957,1966.40449647165,76824.6072759198,192061.518189799,307298.429103679
local,1,3.46766255481366,375.452774533941,269.44117136032,76.5011573393654,153.185512112012,4.6986587202908e-07,4.6986587202908e-07,9.37505667549614e-07,9.3973174405816e-08,9.3973174405816e-08,1.87946348811632e-07,3277.34082745275,2458.00562058957,1966.40449647165,76824.6072759198,192061.518189799,307298.429103679
local,0,6.94261086997612,460.260445612702,354.020312513504,268.277055239944,390.424548644107,4.6986587202908e-07,4.6986587202908e-07,4.6986587202908e-07,9.3973174405816e-08,9.3973174405816e-08,1.87946348811632e-07,3277.34082745275,2458.00562058957,1966.40449647165,76824.6072759198,192061.518189799,307298.429103679
local,1,5.05568825505006,446.179343841088,342.340888358079,115.313944356996,206.977076863463,4.6986587202908e-07,4.6986587202908e-07,9.37505667549614e-07,1.87501133509923e-07,9.3973174405816e-08,1.87946348811632e-07,3277.34082745275,2458.00562058957,1966.40449647165,76824.6072759198,192061.518189799,307298.429103679
local,1,3.96677836165504,418.991242573984,315.289045452962,136.481580443519,210.772290234897,4.6986587202908e-07,4.6986587202908e-07,9.37505667549614e-07,4.70981553156241e-08,9.3973174405816e-08,1.87946348811632e-07,3277.34082745275,2458.00562058957,1966.40449647165,76824.6072759198,192061.518189799,307298.429103679
local,1,4.36668414203502,402.934983443477,299.454198120907,106.135779205659,177.389705527497,4.6986587202908e-07,4.6986587202908e-07,9.37505667549614e-07,9.3973174405816e-08,1.87501133509923e-07,1.87946348811632e-07,3277.34082745275,2458.00562058957,1966.40449647165,76824.6072759198,192061.518189799,307298.429103679
local,1,4.2676368318471,395.5577634708,293.687494940098,81.7788957429472,156.219214173251,4.6986587202908e-07,4.6986587202908e-07,9.37505667549614e-07,9.3973174405816e-08,4.70981553156241e-08,1.87946348811632e-07,3277.34082745275,2458.00562058957,1966.40449647165,76824.6072759198,192061.518189799,307298.429103679
local,1,3.72211948821227,409.035833580034,309.826326372532,82.781443027,179.767051567019,4.6986587202908e-07,4.6986587202908e-07,9.37505667549614e-07,9.3973174405816e-08,9.3973174405816e-08,3.75002267019846e-07,3277.34082745275,2458.00562058957,1966.40449647165,76824.6072759198,192061.518189799,307298.429103679
local,1,3.59389736175483,379.528324252932,276.526987421978,85.0439346179344,164.768578577902,4.6986587202908e-07,4.6986587202908e-07,9.37505667549614e-07,9.3973174405816e-08,9.3973174405816e-08,9.41963106312483e-08,3277.34082745275,2458.00562058957,1966.40449647165,76824.6072759198,192061.518189799,307298.429103679
local,0,4.87096293191926,390.360027389028,282.264682162374,168.970371846652,239.938826817767,4.6986587202908e-07,4.6986587202908e-07,9.37505667549614e-07,9.3973174405816e-08,9.3973174405816e-08,1.87946348811632e-07,6539.15464632541,2458.00562058957,1966.40449647165,76824.6072759198,192061.518189799,307298.429103679
local,0,6.14596562411601,535.06614491782,433.233488975275,212.751774816801,346.496198840047,4.6986587202908e-07,4.6986587202908e-07,9.37505667549614e-07,9.3973174405816e-08,9.3973174405816e-08,1.87946348811632e-07,1642.56138296476,2458.00562058957,1966.40449647165,76824.6072759198,192061.518189799,307298.429103679
local,1,4.35811449176592,370.155517899166,267.9218840935,78.4814593503946,155.718014757495,4.6986587202908e-07,4.6986587202908e-07,9.37505667549614e-07,9.3973174405816e-08,9.3973174405816e-08,1.87946348811632e-07,3277.34082745275,4904.36598474405,1966.40449647165,76824.6072759198,192061.518189799,307298.429103679
local,0,5.2146556961489,434.398385254485,331.382631236383,151.097127686996,287.606298270355,4.6986587202908e-07,4.6986587202908e-07,9.37505667549614e-07,9.3973174405816e-08,9.3973174405816e-08,1.87946348811632e-07,3277.34082745275,1231.92103722357,1966.40449647165,76824.6072759198,192061.518189799,307298.429103679
local,1,3.79162590939452,390.199607481445,287.327077879838,115.649920016278,193.37648736692,4.6986587202908e-07,4.6986587202908e-07,9.37505667549614e-07,9.3973174405816e-08,9.3973174405816e-08,1.87946348811632e-07,3277.34082745275,2458.00562058957,3923.49278779524,76824.6072759198,192061.518189799,307298.429103679
local,1,3.8171623281455,387.716047743683,284.781046835568,75.3800085051898,147.632659965169,4.6986587202908e-07,4.6986587202908e-07,9.37505667549614e-07,9.3973174405816e-08,9.3973174405816e-08,1.87946348811632e-07,3277.34082745275,2458.00562058957,985.536829778857,76824.6072759198,192061.518189799,307298.429103679
local,0,5.35240587073138,536.085064284635,432.932462300439,269.939600091234,380.945425047281,4.6986587202908e-07,4.6986587202908e-07,9.37505667549614e-07,9.3973174405816e-08,9.3973174405816e-08,1.87946348811632e-07,3277.34082745275,2458.00562058957,1966.40449647165,153285.243759927,192061.518189799,307298.429103679
local,1,3.78613058707549,395.595039547611,292.616713588534,91.1939701909271,162.351579085519,4.6986587202908e-07,4.6986587202908e-07,9.37505667549614e-07,9.3973174405816e-08,9.3973174405816e-08,1.87946348811632e-07,3277.34082745275,2458.00562058957,1966.40449647165,38503.5123951198,192061.518189799,307298.429103679
local,0,4.82631016735668,446.101204991802,325.1747005893,202.552936232608,293.304494314668,4.6986587202908e-07,4.6986587202908e-07,9.37505667549614e-07,9.3973174405816e-08,9.3973174405816e-08,1.87946348811632e-07,3277.34082745275,2458.00562058957,1966.40449647165,76824.6072759198,383213.109399817,307298.429103679
local,1,4.63505196947565,382.093583881305,279.713177373368,112.534084745816,209.165321938499,4.6986587202908e-07,4.6986587202908e-07,9.37505667549614e-07,9.3973174405816e-08,9.3973174405816e-08,1.87946348811632e-07,3277.34082745275,2458.00562058957,1966.40449647165,76824.6072759198,96258.7809877996,307298.429103679
local,1,4.60925158695381,385.079289149396,279.004653596485,155.158887608691,207.865997092483,4.6986587202908e-07,4.6986587202908e-07,9.37505667549614e-07,9.3973174405816e-08,9.3973174405816e-08,1.87946348811632e-07,3277.34082745275,2458.00562058957,1966.40449647165,76824.6072759198,192061.518189799,613140.975039707
local,1,4.23796099128838,401.84169937096,299.543949459297,94.3273940450378,151.062815026851,4.6986587202908e-07,4.6986587202908e-07,9.37505667549614e-07,9.3973174405816e-08,9.3973174405816e-08,1.87946348811632e-07,3277.34082745275,2458.00562058957,1966.40449647165,76824.6072759198,192061.518189799,154014.049580479
local,1,3.7835282362326,419.196145603978,316.91142811996,45.2426309691019,117.233509590312,9.42771493692085e-07,5.54189550075409e-07,1.87461218332585e-06,4.66281374538237e-08,1.14408316902373e-07,1.61471197049377e-07,3166.49699956569,2393.45731856859,1815.01651981846,95432.2853819414,215320.360040726,800000
local,1,5.44148418652732,412.036378213007,309.54231029399,71.9070323842935,152.746187277672,7.83396015338889e-07,2.91836824108326e-07,6.97354495181815e-07,1.67548635833101e-07,1.64568141675218e-07,1.68065134958837e-07,2621.1159856021,1246.83988933601,2073.15862417132,52241.8530236951,412291.492079364,159820.675773185
local,1,4.50868064241074,442.060311940122,340.873765733614,121.75067007133,221.660927230367,7.54316756254213e-07,9.2671610250471e-07,8.9068880920337e-07,1.02836693854373e-07,1.3111225479551e-07,6.70746961783228e-08,5931.19133377762,4397.00013064398,2576.43015273669,76155.4350811843,193812.396807121,522641.665288992
local,1,3.45541649827731,369.22946213123,219.050837681611,69.6695619050641,130.333940571043,9.26718858676677e-07,4.62381429987331e-07,1.31774020937274e-06,2.15552796309003e-07,5.76199848174794e-08,1.45674032140274e-07,7720.73402643224,2981.07299192983,1148.69429264523,78595.4295633485,235173.264706014,537380.158948479
local,1,3.77446995234608,441.385666724257,338.181658557837,155.974568092032,247.250463871511,3.29494672151085e-07,7.22583956196552e-07,2.09404239205438e-06,3.64795849845945e-07,1.74489436574226e-07,1.83138804395111e-07,4275.88601413179,5757.79461125301,1285.29183449078,121397.010016868,406471.768593184,342861.901780872
local,1,4.35629371334165,387.251239595348,287.926082637587,118.354679040076,183.502621166615,1.09028314372603e-06,5.66842084207682e-07,7.9357700921157e-07,3.62086353573491e-07,6.08888851630966e-08,1.29522138485072e-07,7343.02126736274,4408.76929482664,428.110642784956,22539.7624349294,230281.726298271,511101.780401291
local,1,3.70727462923912,371.228919195756,268.122100674489,126.756709953121,197.649446102041,1.41769074040144e-06,2.33048874264951e-07,1.33106380510873e-06,1.52941737817236e-07,4.20355180593139e-08,9.20765974757104e-08,11456.7616966422,1666.45703150154,4075.72115166717,43757.955711048,415293.763926526,502917.499605422
local,0,4.81497920942138,365.614452892811,263.358567580274,229.873836077231,292.410578936213,1.12360436067654e-06,5.02546878792977e-07,1.16791216603491e-06,2.72084005745985e-07,3.25472380383899e-08,1.33448490856278e-07,27394.1980728941,1336.95179084593,660.43358264514,25412.883326729,274942.147782072,800000
full,1,4.30600231845491,349.877445432779,248.062460600262,40.63459397847,59.7109693740922,9.26718858676677e-07,4.62381429987331e-07,1.31774020937274e-06,2.15552796309003e-07,5.76199848174794e-08,1.45674032140274e-07,7720.73402643224,2981.07299192983,1148.69429264523,78595.4295633485,235173.264706014,537380.158948479
full,1,6.36185227967888,452.70768639842,348.36471179922,46.5091216639488,101.239068211587,4.6986587202908e-07,4.6986587202908e-07,9.37505667549614e-07,9.3973174405816e-08,9.3973174405816e-08,1.87946348811632e-07,3277.34082745275,2458.00562058957,1966.40449647165,76824.6072759198,192061.518189799,307298.429103679
full,1,7.38812194677703,402.049255019038,298.819177935017,14.0057071735906,86.9652100998872,4.6986587202908e-07,4.6986587202908e-07,9.37505667549614e-07,9.3973174405816e-08,9.3973174405816e-08,9.41963106312483e-08,3277.34082745275,2458.00562058957,1966.40449647165,76824.6072759198,192061.518189799,307298.429103679
full,1,5.98259796698643,392.665353948767,290.648142447467,30.6589284980708,96.7071267499836,4.6986587202908e-07,4.6986587202908e-07,4.6986587202908e-07,9.3973174405816e-08,9.3973174405816e-08,1.87946348811632e-07,3277.34082745275,2458.00562058957,1966.40449647165,76824.6072759198,192061.518189799,307298.429103679
full,1,6.39819499578923,350.835684821703,194.169075746876,32.9767066356462,62.0419341524118,5e-07,5e-07,5e-07,1e-07,1e-07,2e-07,6000,4500,3600,20000,50000,80000
full,1,4.68535411894476,380.552088529425,277.795196864367,37.5304072076872,61.2280179059723,5.96352113662056e-07,5.96352113662056e-07,5.96352113662056e-07,1.19270422732411e-07,1.19270422732411e-07,2.38540845464822e-07,5139.17454243322,3854.38090682491,3083.50472545993,98780.3263974263,246950.815993566,395121.305589705
