# Radio de exclusion inflado d0 + k*sigma a lo largo del horizonte, con la covarianza propagada de dos maneras. Tres particiones del mismo horizonte.
case,step_h_s,t_into_horizon_s,radius_perstep_m,radius_vanloan_m
1,5,5,154.5174661,154.5757516
1,5,10,154.5365187,154.6808144
1,5,15,154.5670022,154.8474301
1,5,20,154.6151951,155.0990378
1,5,25,154.6869559,155.4514095
1,5,30,154.7874944,155.911906
1,5,35,154.9211453,156.4806255
1,5,40,155.0911949,157.1527273
1,5,45,155.299801,157.9208366
1,5,50,155.5480223,158.7768424
1,5,55,155.8359448,159.712953
1,5,60,156.1628726,160.7221806
1,5,65,156.5275414,161.7984782
1,5,70,156.9283224,162.9367025
1,5,75,157.3633939,164.1325062
1,5,80,157.8308722,165.3822138
1,5,85,158.3289032,166.6827039
1,5,90,158.8557204,168.0313086
1,5,95,159.4096777,169.4257299
1,5,100,159.9892639,170.863972
1,5,105,160.5931048,172.3442874
1,5,110,161.2199588,173.8651333
1,5,115,161.8687079,175.4251374
1,5,120,162.5383467,177.0230703
1,5,125,163.2279714,178.6578229
1,5,130,163.9367685,180.3283887
1,5,135,164.6640045,182.0338489
1,5,140,165.4090163,183.7733603
1,5,145,166.1712032,185.5461456
1,5,150,166.9500191,187.3514849
1,5,155,167.7449662,189.188709
1,5,160,168.555589,191.0571932
1,5,165,169.3814696,192.9563527
1,5,170,170.2222234,194.8856382
1,5,175,171.0774952,196.8445325
1,5,180,171.946956,198.8325469
1,5,185,172.8303001,200.8492193
1,5,190,173.7272429,202.8941108
1,5,195,174.6375186,204.9668047
1,5,200,175.560878,207.0669038
1,5,205,176.4970875,209.1940295
1,5,210,177.4459271,211.3478199
1,5,215,178.4071893,213.5279288
1,5,220,179.3806781,215.7340242
1,5,225,180.3662079,217.9657879
1,5,230,181.3636026,220.2229142
1,5,235,182.3726948,222.5051088
1,5,240,183.3933252,224.8120887
1,5,245,184.4253418,227.1435812
1,5,250,185.4685996,229.499323
1,5,255,186.5229598,231.8790601
1,5,260,187.5882896,234.2825472
1,5,265,188.6644616,236.709547
1,5,270,189.7513537,239.15983
1,5,275,190.8488482,241.6331737
1,5,280,191.9568323,244.1293629
1,5,285,193.075197,246.6481887
1,5,290,194.2038376,249.1894488
1,5,295,195.3426529,251.7529466
1,5,300,196.4915452,254.3384912
1,5,305,197.65042,256.9458973
1,5,310,198.8191863,259.5749847
1,5,315,199.9977557,262.2255783
1,5,320,201.1860427,264.8975078
1,5,325,202.3839645,267.5906073
1,5,330,203.5914408,270.3047155
1,5,335,204.8083937,273.0396752
1,5,340,206.0347477,275.7953335
1,5,345,207.2704295,278.5715413
1,5,350,208.5153677,281.3681531
1,5,355,209.7694931,284.1850275
1,5,360,211.0327385,287.0220263
1,5,365,212.3050382,289.8790148
1,5,370,213.5863288,292.7558616
1,5,375,214.8765481,295.6524385
1,5,380,216.1756358,298.5686205
1,5,385,217.4835333,301.5042855
1,5,390,218.8001832,304.4593142
1,5,395,220.12553,307.4335904
1,5,400,221.4595191,310.4270005
1,5,405,222.8020977,313.4394336
1,5,410,224.1532143,316.4707813
1,5,415,225.5128184,319.5209378
1,5,420,226.880861,322.5897999
1,5,425,228.2572944,325.6772666
1,5,430,229.6420717,328.7832393
1,5,435,231.0351475,331.9076218
1,5,440,232.4364774,335.0503199
1,5,445,233.8460181,338.2112418
1,5,450,235.2637273,341.3902978
1,5,455,236.6895637,344.5874001
1,5,460,238.1234871,347.8024631
1,5,465,239.5654583,351.0354032
1,5,470,241.0154389,354.2861387
1,5,475,242.4733916,357.5545897
1,5,480,243.9392798,360.8406785
1,5,485,245.4130682,364.1443289
1,5,490,246.8947218,367.4654668
1,5,495,248.3842069,370.8040195
1,5,500,249.8814905,374.1599164
2,10,10,154.5199558,154.6808144
2,10,20,154.5563152,155.0990378
2,10,30,154.637892,155.911906
2,10,40,154.7874962,157.1527273
2,10,50,155.0229736,158.7768424
2,10,60,155.3554176,160.7221806
2,10,70,155.7888557,162.9367025
2,10,80,156.3214991,165.3822138
2,10,90,156.9478082,168.0313086
2,10,100,157.6604802,170.863972
2,10,110,158.451873,173.8651333
2,10,120,159.314811,177.0230703
2,10,130,160.2429328,180.3283887
2,10,140,161.2307686,183.7733603
2,10,150,162.2736829,187.3514849
2,10,160,163.3677674,191.0571932
2,10,170,164.5097237,194.8856382
2,10,180,165.6967557,198.8325469
2,10,190,166.9264777,202.8941108
2,10,200,168.1968383,207.0669038
2,10,210,169.5060596,211.3478199
2,10,220,170.852588,215.7340242
2,10,230,172.2350548,220.2229142
2,10,240,173.6522458,224.8120887
2,10,250,175.1030755,229.499323
2,10,260,176.5865673,234.2825472
2,10,270,178.1018374,239.15983
2,10,280,179.6480811,244.1293629
2,10,290,181.2245626,249.1894488
2,10,300,182.8306054,254.3384912
2,10,310,184.4655852,259.5749847
2,10,320,186.1289235,264.8975078
2,10,330,187.8200829,270.3047155
2,10,340,189.538562,275.7953335
2,10,350,191.2838921,281.3681531
2,10,360,193.055634,287.0220263
2,10,370,194.8533749,292.7558616
2,10,380,196.6767266,298.5686205
2,10,390,198.5253227,304.4593142
2,10,400,200.3988176,310.4270005
2,10,410,202.2968843,316.4707813
2,10,420,204.2192134,322.5897999
2,10,430,206.1655118,328.7832393
2,10,440,208.1355014,335.0503199
2,10,450,210.1289184,341.3902978
2,10,460,212.1455124,347.8024631
2,10,470,214.1850456,354.2861387
2,10,480,216.2472922,360.8406785
2,10,490,218.3320375,367.4654668
2,10,500,220.4390779,374.1599164
3,4,4,154.5171673,154.5596493
3,4,8,154.5341373,154.6329269
3,4,12,154.5584214,154.7386116
3,4,16,154.5940849,154.8903267
3,4,20,154.645001,155.0990378
3,4,24,154.7147496,155.3724038
3,4,28,154.8065067,155.7145878
3,4,32,154.9229427,156.1265952
3,4,36,155.0661466,156.6069885
3,4,40,155.2375891,157.1527273
3,4,44,155.4381303,157.7599234
3,4,48,155.6680694,158.424406
3,4,52,155.9272244,159.142086
3,4,56,156.2150303,159.9091563
3,4,60,156.5306393,160.7221806
3,4,64,156.8730152,161.5781122
3,4,68,157.2410131,162.4742761
3,4,72,157.6334428,163.408334
3,4,76,158.0491167,164.3782426
3,4,80,158.486882,165.3822138
3,4,84,158.9456421,166.4186772
3,4,88,159.4243687,167.4862475
3,4,92,159.9221071,168.583697
3,4,96,160.4379773,169.7099319
3,4,100,160.9711719,170.863972
3,4,104,161.5209526,172.0449352
3,4,108,162.0866447,173.2520225
3,4,112,162.6676328,174.4845077
3,4,116,163.2633547,175.7417268
3,4,120,163.8732966,177.0230703
3,4,124,164.4969886,178.3279765
3,4,128,165.1339997,179.6559255
3,4,132,165.7839343,181.0064343
3,4,136,166.4464279,182.3790528
3,4,140,167.1211447,183.7733603
3,4,144,167.807774,185.1889619
3,4,148,168.5060278,186.6254866
3,4,152,169.2156386,188.0825843
3,4,156,169.9363575,189.5599243
3,4,160,170.6679518,191.0571932
3,4,164,171.4102042,192.5740936
3,4,168,172.1629109,194.1103427
3,4,172,172.9258803,195.6656708
3,4,176,173.6989322,197.2398209
3,4,180,174.4818966,198.8325469
3,4,184,175.2746126,200.4436136
3,4,188,176.0769282,202.072795
3,4,192,176.888699,203.7198747
3,4,196,177.709788,205.3846445
3,4,200,178.5400646,207.0669038
3,4,204,179.3794045,208.7664599
3,4,208,180.227689,210.4831265
3,4,212,181.0848048,212.2167241
3,4,216,181.9506431,213.9670793
3,4,220,182.8251,215.7340242
3,4,224,183.7080757,217.5173966
3,4,228,184.5994743,219.3170393
3,4,232,185.4992037,221.1327999
3,4,236,186.407175,222.9645308
3,4,240,187.3233028,224.8120887
3,4,244,188.2475047,226.6753344
3,4,248,189.179701,228.5541328
3,4,252,190.1198149,230.4483523
3,4,256,191.0677719,232.3578653
3,4,260,192.0235002,234.2825472
3,4,264,192.98693,236.2222772
3,4,268,193.9579939,238.1769372
3,4,272,194.9366264,240.1464124
3,4,276,195.9227639,242.1305906
3,4,280,196.9163448,244.1293629
3,4,284,197.9173092,246.1426224
3,4,288,198.9255988,248.1702654
3,4,292,199.9411569,250.2121902
3,4,296,200.9639286,252.2682977
3,4,300,201.99386,254.3384912
3,4,304,203.0308991,256.4226758
3,4,308,204.0749948,258.5207593
3,4,312,205.1260975,260.6326511
3,4,316,206.184159,262.7582627
3,4,320,207.2491318,264.8975078
3,4,324,208.3209702,267.0503016
3,4,328,209.3996289,269.2165613
3,4,332,210.4850642,271.3962058
3,4,336,211.5772333,273.5891558
3,4,340,212.676094,275.7953335
3,4,344,213.7816057,278.0146628
3,4,348,214.8937281,280.247069
3,4,352,216.0124222,282.4924792
3,4,356,217.1376497,284.7508217
3,4,360,218.2693731,287.0220263
3,4,364,219.4075558,289.3060243
3,4,368,220.5521619,291.6027481
3,4,372,221.7031563,293.9121318
3,4,376,222.8605047,296.2341105
3,4,380,224.0241734,298.5686205
3,4,384,225.1941293,300.9155996
3,4,388,226.3703403,303.2749866
3,4,392,227.5527747,305.6467214
3,4,396,228.7414015,308.0307453
3,4,400,229.9361903,310.4270005
3,4,404,231.1371113,312.8354304
3,4,408,232.3441354,315.2559793
3,4,412,233.557234,317.6885927
3,4,416,234.7763791,320.1332171
3,4,420,236.0015431,322.5897999
3,4,424,237.2326992,325.0582897
3,4,428,238.4698208,327.5386357
3,4,432,239.7128821,330.0307885
3,4,436,240.9618577,332.5346991
3,4,440,242.2167227,335.0503199
3,4,444,243.4774526,337.5776039
3,4,448,244.7440234,340.116505
3,4,452,246.0164117,342.666978
3,4,456,247.2945945,345.2289785
3,4,460,248.5785491,347.8024631
3,4,464,249.8682533,350.387389
3,4,468,251.1636854,352.9837142
3,4,472,252.4648241,355.5913976
3,4,476,253.7716485,358.2103989
3,4,480,255.0841382,360.8406785
3,4,484,256.4022728,363.4821975
3,4,488,257.7260329,366.1349178
3,4,492,259.0553991,368.7988021
3,4,496,260.3903523,371.4738136
3,4,500,261.7308741,374.1599164
